precision,recall,f1-score,support
0.9774355846927886,0.9607372995654129,0.9690145102781137,6673.0
0.9620454874692163,0.9782000294594196,0.9700555068653228,6789.0
0.9695439013519537,0.9695439013519537,0.9695439013519537,0.9695439013519537
0.9697405360810024,0.9694686645124162,0.9695350085717183,13462.0
0.9696742290212069,0.9695439013519537,0.9695394936260978,13462.0
