precision,recall,f1-score,support
0.9767687434002112,0.9635416666666666,0.9701101206082853,6720.0
0.96377882909521,0.9769219241720366,0.9703058718463944,6673.0
0.9702083177779437,0.9702083177779437,0.9702083177779437,0.9702083177779437
0.9702737862477107,0.9702317954193516,0.9702079962273398,13393.0
0.9702965789742221,0.9702083177779437,0.9702076527528312,13393.0
