precision,recall,f1-score,support
0.975609756097561,0.9655381812661302,0.9705478406836564,6587.0
0.966215210596815,0.9760938204781235,0.9711293941660434,6651.0
0.970841516845445,0.970841516845445,0.970841516845445,0.970841516845445
0.970912483347188,0.9708160008721269,0.9708386174248499,13238.0
0.9708897740666301,0.970841516845445,0.9708400232045324,13238.0
