precision,recall,f1-score,support
0.9738903394255874,0.9626537118566875,0.9682394258665445,6587.0
0.9634309499033744,0.9744399338445346,0.9689041710270593,6651.0
0.968575313491464,0.968575313491464,0.968575313491464,0.968575313491464
0.968660644664481,0.9685468228506111,0.9685717984468019,13238.0
0.9686353613539573,0.968575313491464,0.9685734053243618,13238.0
