precision,recall,f1-score,support
0.9743315508021391,0.9606809279903585,0.967458089964348,6638.0
0.9610040340654415,0.9745454545454545,0.9677273753103136,6600.0
0.9675932920380722,0.9675932920380722,0.9675932920380722,0.9675932920380722
0.9676677924337903,0.9676131912679065,0.9675927326373308,13238.0
0.967686920913772,0.9675932920380722,0.9675923461422731,13238.0
