precision,recall,f1-score,support
0.9739984882842025,0.9612113978815455,0.9675626971016669,6703.0
0.9620271651818315,0.9745524485870691,0.9682493017786271,6759.0
0.9679096716683999,0.9679096716683999,0.9679096716683999,0.9679096716683999
0.968012826733017,0.9678819232343073,0.967905999440147,13462.0
0.9679879272346611,0.9679096716683999,0.967907427528912,13462.0
