precision,recall,f1-score,support
0.9748531847613311,0.9710514474276286,0.9729486023444545,6667.0
0.9707442777019858,0.9745852990412418,0.9726609963547996,6571.0
0.9728055597522285,0.9728055597522285,0.9728055597522285,0.9728055597522285
0.9727987312316584,0.9728183732344352,0.972804799349627,13238.0
0.972813629821993,0.9728055597522285,0.9728058421874805,13238.0
