precision,recall,f1-score,support
0.9764954045502486,0.9683251157926192,0.9723930982745687,6693.0
0.9678836539918194,0.9761650114591292,0.9720066940514226,6545.0
0.9722012388578335,0.9722012388578335,0.9722012388578335,0.9722012388578335
0.9721895292710341,0.9722450636258742,0.9721998961629956,13238.0
0.972237668683432,0.9722012388578335,0.9722020561503437,13238.0
