precision,recall,f1-score,support
0.9744413835322926,0.9652819890842935,0.9698400609291697,6596.0
0.9658412887828163,0.9748569707919301,0.9703281882211898,6642.0
0.9700861157274513,0.9700861157274513,0.9700861157274513,0.9700861157274513
0.9701413361575544,0.9700694799381118,0.9700841245751798,13238.0
0.9701263941588206,0.9700861157274513,0.9700849726585548,13238.0
