,precision,recall,f1-score,support
False,0.9748493975903615,0.9709014549272537,0.9728714210565869,6667.0
True,0.9705971506517126,0.9745852990412418,0.9725871364568304,6571.0
accuracy,0.972730019640429,0.972730019640429,0.972730019640429,0.972730019640429
macro avg,0.972723274121037,0.9727433769842477,0.9727292787567086,13238.0
weighted avg,0.9727386924510759,0.972730019640429,0.9727303095514502,13238.0
