,precision,recall,f1-score,support
False,0.9748266505878806,0.9700014999250037,0.9724080896173221,6667.0
True,0.9697153240460327,0.9745852990412418,0.9721442125237192,6571.0
accuracy,0.9722767789696328,0.9722767789696328,0.9722767789696328,0.9722767789696328
macro avg,0.9722709873169566,0.9722933994831228,0.9722761510705207,13238.0
weighted avg,0.9722895206055205,0.9722767789696328,0.9722771078691679,13238.0
