,precision,recall,f1-score,support
False,0.9768971848225214,0.9617412260882663,0.9692599620493358,6639.0
True,0.9621008654133094,0.9771177451128958,0.9695511615667994,6599.0
accuracy,0.969406254721257,0.969406254721257,0.969406254721257,0.969406254721257
macro avg,0.9694990251179154,0.9694294856005811,0.9694055618080677,13238.0
weighted avg,0.9695213794303633,0.969406254721257,0.9694051218631856,13238.0
