,precision,recall,f1-score,support
False,0.9768724153775463,0.9606868504292815,0.9687120291616038,6639.0
True,0.9610970338351468,0.9771177451128958,0.9690411782386534,6599.0
accuracy,0.9688774739386614,0.9688774739386614,0.9688774739386614,0.9688774739386614
macro avg,0.9689847246063465,0.9689022977710886,0.9688766037001286,13238.0
weighted avg,0.9690085580880544,0.9688774739386614,0.9688761064209669,13238.0
